-- phpMyAdmin SQL Dump
-- version 5.2.1
-- https://www.phpmyadmin.net/
--
-- Servidor: localhost
-- Tiempo de generación: 04-06-2025 a las 21:04:44
-- Versión del servidor: 8.0.39
-- Versión de PHP: 8.2.26

SET SQL_MODE = "NO_AUTO_VALUE_ON_ZERO";
START TRANSACTION;
SET time_zone = "+00:00";


/*!40101 SET @OLD_CHARACTER_SET_CLIENT=@@CHARACTER_SET_CLIENT */;
/*!40101 SET @OLD_CHARACTER_SET_RESULTS=@@CHARACTER_SET_RESULTS */;
/*!40101 SET @OLD_COLLATION_CONNECTION=@@COLLATION_CONNECTION */;
/*!40101 SET NAMES utf8mb4 */;

--
-- Base de datos: `liga_futbol`
--

-- --------------------------------------------------------

--
-- Estructura de tabla para la tabla `equipos`
--

CREATE TABLE `equipos` (
  `id` int NOT NULL,
  `nombre` varchar(100) COLLATE utf8mb4_general_ci NOT NULL,
  `ciudad` varchar(100) COLLATE utf8mb4_general_ci DEFAULT NULL,
  `escudo` varchar(255) COLLATE utf8mb4_general_ci DEFAULT NULL
) ENGINE=InnoDB DEFAULT CHARSET=utf8mb4 COLLATE=utf8mb4_general_ci;

--
-- Volcado de datos para la tabla `equipos`
--

INSERT INTO `equipos` (`id`, `nombre`, `ciudad`, `escudo`) VALUES
(1, 'Real Madrid', 'Madrid', 'Real Madrid.png'),
(2, 'FC Barcelona', 'Barcelona', 'FC Barcelona.png'),
(3, 'Atlético de Madrid', 'Madrid', 'Atlético de Madrid.png'),
(4, 'Girona FC', 'Girona', 'Girona FC.png'),
(5, 'Athletic Club', 'Bilbao', 'Athletic Club.png'),
(6, 'Real Sociedad', 'San Sebastián', 'Real Sociedad.png'),
(7, 'Real Betis', 'Sevilla', 'Real Betis.png'),
(8, 'Valencia CF', 'Valencia', 'Valencia CF.png'),
(9, 'Villarreal CF', 'Villarreal', 'Villarreal CF.png'),
(10, 'CA Osasuna', 'Pamplona', 'CA Osasuna.png'),
(11, 'Getafe CF', 'Getafe', 'Getafe CF.png'),
(12, 'RC Celta', 'Vigo', 'RC Celta.png'),
(13, 'UD Las Palmas', 'Las Palmas', 'UD Las Palmas.png'),
(14, 'Deportivo Alavés', 'Vitoria-Gasteiz', 'Deportivo Alavés.png'),
(15, 'RCD Mallorca', 'Palma de Mallorca', 'RCD Mallorca.png'),
(16, 'Sevilla FC', 'Sevilla', 'Sevilla FC.png'),
(17, 'Cádiz CF', 'Cádiz', 'Cádiz CF.png'),
(18, 'Granada CF', 'Granada', 'Granada CF.png'),
(19, 'UD Almería', 'Almería', 'UD Almería.png'),
(20, 'Rayo Vallecano', 'Madrid', 'Rayo Vallecano.png');

-- --------------------------------------------------------

--
-- Estructura de tabla para la tabla `estadisticas_jugador_partido`
--

CREATE TABLE `estadisticas_jugador_partido` (
  `id` int NOT NULL,
  `id_jugador` int DEFAULT NULL,
  `id_partido` int DEFAULT NULL,
  `goles` int DEFAULT '0',
  `asistencias` int DEFAULT '0',
  `minutos_jugados` int DEFAULT '0',
  `titular` tinyint(1) DEFAULT '0',
  `sustituido` tinyint(1) DEFAULT '0',
  `tarjetas_amarillas` int DEFAULT '0',
  `tarjetas_rojas` int DEFAULT '0'
) ENGINE=InnoDB DEFAULT CHARSET=utf8mb4 COLLATE=utf8mb4_general_ci;

--
-- Volcado de datos para la tabla `estadisticas_jugador_partido`
--

INSERT INTO `estadisticas_jugador_partido` (`id`, `id_jugador`, `id_partido`, `goles`, `asistencias`, `minutos_jugados`, `titular`, `sustituido`, `tarjetas_amarillas`, `tarjetas_rojas`) VALUES
(459, 138, 82, 0, 0, 37, 0, 0, 0, 0),
(460, 14, 44, 0, 0, 68, 1, 0, 0, 0),
(461, 209, 77, 0, 0, 44, 0, 0, 0, 0),
(462, 118, 71, 0, 0, 45, 0, 0, 0, 0),
(463, 72, 1, 1, 1, 62, 1, 1, 0, 0),
(464, 34, 22, 0, 0, 36, 0, 0, 0, 0),
(465, 131, 60, 0, 0, 27, 0, 0, 0, 0),
(466, 65, 90, 0, 0, 74, 1, 1, 0, 0),
(467, 136, 67, 0, 1, 24, 0, 0, 0, 0),
(468, 122, 56, 1, 0, 20, 0, 0, 0, 0),
(469, 217, 71, 0, 0, 21, 0, 0, 0, 0),
(470, 121, 3, 3, 0, 75, 1, 0, 0, 0),
(471, 106, 10, 0, 1, 43, 0, 0, 0, 0),
(472, 75, 95, 1, 1, 53, 0, 0, 0, 0),
(473, 89, 14, 0, 0, 79, 1, 0, 0, 0),
(474, 35, 7, 1, 0, 39, 0, 0, 0, 0),
(475, 45, 16, 0, 0, 66, 1, 0, 0, 0),
(476, 155, 4, 0, 0, 76, 1, 1, 1, 0),
(477, 33, 13, 1, 2, 26, 0, 0, 1, 0),
(478, 75, 76, 0, 0, 90, 1, 1, 0, 0),
(479, 31, 74, 2, 0, 72, 1, 1, 0, 0),
(480, 176, 82, 0, 0, 30, 0, 0, 0, 0),
(481, 193, 50, 1, 0, 69, 1, 1, 0, 0),
(482, 169, 42, 0, 0, 47, 0, 0, 0, 0),
(483, 148, 13, 0, 0, 26, 0, 0, 0, 0),
(484, 35, 9, 0, 0, 89, 1, 0, 0, 0),
(485, 31, 54, 0, 0, 36, 0, 0, 0, 0),
(486, 122, 73, 0, 0, 90, 1, 0, 0, 0),
(487, 159, 79, 2, 0, 45, 0, 0, 0, 0),
(488, 9, 8, 0, 0, 49, 0, 0, 0, 0),
(489, 51, 2, 0, 0, 63, 1, 1, 0, 0),
(490, 61, 22, 0, 0, 44, 0, 0, 0, 0),
(491, 27, 58, 0, 0, 47, 0, 0, 0, 0),
(492, 21, 34, 1, 0, 21, 0, 0, 0, 0),
(493, 65, 86, 1, 0, 71, 1, 0, 0, 0),
(494, 116, 94, 0, 0, 61, 1, 1, 0, 0),
(495, 214, 93, 1, 1, 52, 0, 0, 1, 0),
(496, 183, 15, 0, 0, 27, 0, 0, 0, 0),
(497, 209, 16, 1, 0, 20, 0, 0, 0, 0),
(498, 216, 9, 1, 0, 68, 1, 1, 0, 0),
(499, 75, 81, 2, 0, 23, 0, 0, 0, 0),
(500, 88, 28, 0, 1, 71, 1, 1, 0, 0),
(501, 66, 45, 0, 0, 72, 1, 0, 0, 0),
(502, 210, 57, 0, 0, 74, 1, 1, 0, 0),
(503, 171, 31, 2, 0, 86, 1, 0, 0, 0),
(504, 160, 32, 0, 0, 35, 0, 0, 0, 0),
(505, 164, 41, 0, 0, 42, 0, 0, 0, 0),
(506, 58, 56, 0, 1, 33, 0, 0, 1, 0),
(507, 215, 59, 1, 0, 66, 1, 0, 0, 0),
(508, 59, 95, 0, 2, 65, 1, 0, 0, 0),
(509, 113, 77, 0, 0, 21, 0, 0, 1, 0),
(510, 37, 35, 3, 0, 75, 1, 0, 0, 0),
(511, 83, 56, 0, 0, 74, 1, 0, 0, 0),
(512, 59, 33, 1, 0, 35, 0, 0, 0, 0),
(513, 84, 16, 0, 0, 24, 0, 0, 0, 0),
(514, 99, 15, 0, 0, 71, 1, 0, 0, 0),
(515, 72, 68, 0, 1, 48, 0, 0, 0, 0),
(516, 162, 80, 0, 0, 38, 0, 0, 0, 0),
(517, 151, 63, 0, 0, 55, 0, 0, 0, 0),
(518, 204, 42, 0, 0, 53, 0, 0, 0, 0),
(519, 123, 48, 0, 0, 70, 1, 0, 0, 0),
(520, 211, 56, 1, 1, 63, 1, 1, 0, 0),
(521, 187, 99, 0, 1, 76, 1, 0, 0, 0),
(522, 157, 67, 0, 0, 88, 1, 1, 1, 1),
(523, 120, 69, 0, 0, 64, 1, 1, 0, 0),
(524, 170, 59, 0, 0, 86, 1, 0, 1, 0),
(525, 99, 54, 0, 0, 55, 0, 0, 0, 0),
(526, 143, 63, 0, 0, 26, 0, 0, 0, 0),
(527, 212, 79, 0, 0, 76, 1, 0, 0, 0),
(528, 206, 93, 0, 0, 88, 1, 0, 0, 0),
(529, 205, 90, 0, 1, 31, 0, 0, 0, 0),
(530, 170, 47, 2, 0, 78, 1, 1, 0, 0),
(531, 188, 85, 0, 2, 45, 0, 0, 0, 0),
(532, 88, 22, 0, 0, 85, 1, 1, 0, 0),
(533, 66, 86, 0, 1, 25, 0, 0, 0, 0),
(534, 173, 70, 0, 1, 23, 0, 0, 0, 0),
(535, 29, 70, 1, 0, 36, 0, 0, 0, 0),
(536, 208, 49, 1, 0, 76, 1, 1, 0, 0),
(537, 145, 63, 0, 0, 50, 0, 0, 1, 0),
(538, 104, 57, 0, 2, 71, 1, 0, 0, 0),
(539, 50, 42, 0, 0, 52, 0, 0, 0, 0),
(540, 103, 50, 0, 1, 22, 0, 0, 0, 0),
(541, 199, 66, 0, 0, 55, 0, 0, 0, 0),
(542, 222, 71, 1, 0, 85, 1, 0, 1, 0),
(543, 136, 97, 0, 0, 84, 1, 1, 0, 0),
(544, 142, 78, 0, 1, 77, 1, 1, 0, 0),
(545, 152, 16, 0, 0, 81, 1, 1, 0, 0),
(546, 183, 52, 3, 0, 74, 1, 1, 0, 0),
(547, 213, 15, 1, 0, 23, 0, 0, 0, 0),
(548, 174, 18, 0, 0, 25, 0, 0, 0, 0),
(549, 47, 71, 0, 0, 25, 0, 0, 0, 0),
(550, 122, 95, 1, 0, 24, 0, 0, 0, 0),
(551, 111, 10, 0, 0, 76, 1, 0, 0, 0),
(552, 45, 32, 1, 2, 52, 0, 0, 0, 0),
(553, 142, 67, 0, 0, 32, 0, 0, 0, 0),
(554, 19, 58, 0, 0, 87, 1, 0, 0, 0),
(555, 26, 17, 1, 1, 86, 1, 1, 0, 0),
(556, 210, 66, 0, 0, 51, 0, 0, 0, 0),
(557, 14, 99, 0, 1, 51, 0, 0, 0, 0),
(558, 101, 80, 1, 1, 73, 1, 0, 0, 0),
(559, 149, 44, 0, 1, 30, 0, 0, 0, 0),
(560, 213, 33, 2, 0, 46, 0, 0, 0, 0),
(561, 167, 46, 2, 0, 20, 0, 0, 0, 0),
(562, 50, 38, 0, 0, 82, 1, 0, 0, 0),
(563, 65, 36, 0, 1, 64, 1, 0, 0, 0),
(564, 187, 84, 0, 0, 72, 1, 0, 0, 0),
(565, 71, 10, 0, 0, 86, 1, 0, 0, 0),
(566, 218, 39, 0, 0, 68, 1, 0, 0, 0),
(567, 147, 53, 0, 0, 33, 0, 0, 1, 0),
(568, 177, 82, 0, 0, 34, 0, 0, 0, 0),
(569, 138, 87, 0, 0, 28, 0, 0, 0, 0),
(570, 40, 35, 0, 0, 59, 0, 0, 0, 0),
(571, 220, 44, 1, 0, 68, 1, 1, 0, 0),
(572, 81, 49, 0, 0, 22, 0, 0, 0, 0),
(573, 136, 83, 1, 0, 54, 0, 0, 0, 0),
(574, 188, 85, 0, 0, 62, 1, 0, 0, 0),
(575, 160, 28, 0, 0, 44, 0, 0, 0, 0),
(576, 175, 1, 3, 0, 29, 0, 0, 0, 0),
(577, 169, 28, 3, 0, 79, 1, 0, 0, 0),
(578, 177, 41, 0, 0, 79, 1, 1, 1, 0),
(579, 64, 29, 2, 0, 89, 1, 0, 0, 0),
(580, 78, 77, 0, 0, 36, 0, 0, 0, 0),
(581, 43, 70, 0, 0, 42, 0, 0, 0, 0),
(582, 215, 43, 1, 1, 45, 0, 0, 0, 0),
(583, 110, 18, 1, 0, 26, 0, 0, 1, 0),
(584, 99, 25, 0, 0, 54, 0, 0, 0, 0),
(585, 125, 89, 0, 0, 30, 0, 0, 0, 0),
(586, 43, 60, 0, 1, 67, 1, 0, 0, 0),
(587, 109, 90, 0, 0, 64, 1, 0, 0, 0),
(588, 173, 87, 0, 0, 22, 0, 0, 0, 0),
(589, 8, 32, 2, 0, 46, 0, 0, 0, 0),
(590, 181, 97, 0, 0, 86, 1, 1, 0, 0),
(591, 118, 47, 0, 0, 73, 1, 0, 0, 0),
(592, 78, 33, 0, 0, 70, 1, 0, 1, 0),
(593, 219, 13, 0, 0, 72, 1, 0, 0, 0),
(594, 180, 95, 0, 1, 27, 0, 0, 0, 0),
(595, 200, 55, 0, 1, 46, 0, 0, 0, 0),
(596, 33, 76, 1, 0, 31, 0, 0, 0, 0),
(597, 29, 17, 0, 0, 41, 0, 0, 0, 0),
(598, 75, 58, 1, 0, 68, 1, 1, 0, 0),
(599, 173, 35, 1, 1, 71, 1, 0, 0, 0),
(600, 157, 33, 1, 1, 38, 0, 0, 0, 0),
(601, 110, 93, 1, 0, 70, 1, 0, 0, 0),
(602, 52, 66, 3, 0, 28, 0, 0, 0, 0),
(603, 129, 53, 1, 0, 74, 1, 0, 0, 0),
(604, 218, 95, 0, 0, 77, 1, 1, 0, 0),
(605, 63, 56, 2, 0, 35, 0, 0, 0, 0),
(606, 7, 16, 0, 0, 88, 1, 0, 0, 0),
(607, 30, 33, 2, 0, 51, 0, 0, 0, 0),
(608, 173, 55, 1, 0, 60, 1, 1, 1, 0),
(609, 45, 89, 0, 0, 62, 1, 0, 0, 0),
(610, 44, 87, 0, 0, 23, 0, 0, 0, 0),
(611, 83, 98, 1, 0, 41, 0, 0, 0, 0),
(612, 67, 43, 0, 0, 30, 0, 0, 1, 0),
(613, 185, 19, 0, 0, 60, 1, 1, 0, 0),
(614, 93, 5, 1, 0, 65, 1, 1, 1, 0),
(615, 167, 41, 1, 0, 70, 1, 0, 0, 0),
(616, 104, 72, 0, 2, 84, 1, 1, 0, 0),
(617, 47, 55, 0, 0, 60, 1, 0, 0, 0),
(618, 114, 61, 0, 1, 79, 1, 0, 0, 0),
(619, 58, 8, 0, 0, 85, 1, 1, 0, 0),
(620, 76, 32, 0, 0, 76, 1, 1, 0, 0),
(621, 141, 68, 0, 0, 42, 0, 0, 1, 0),
(622, 156, 91, 1, 0, 50, 0, 0, 0, 0),
(623, 159, 97, 0, 1, 48, 0, 0, 0, 0),
(624, 92, 90, 0, 0, 32, 0, 0, 1, 1),
(625, 94, 13, 0, 0, 25, 0, 0, 0, 0),
(626, 99, 66, 0, 0, 81, 1, 1, 0, 0),
(627, 87, 2, 0, 1, 47, 0, 0, 0, 0),
(628, 198, 70, 0, 0, 65, 1, 1, 1, 0),
(629, 42, 55, 0, 0, 38, 0, 0, 0, 0),
(630, 178, 40, 0, 0, 90, 1, 0, 0, 0),
(631, 195, 89, 0, 0, 48, 0, 0, 0, 0),
(632, 171, 37, 0, 1, 20, 0, 0, 0, 0),
(633, 136, 96, 0, 0, 38, 0, 0, 0, 0),
(634, 204, 18, 0, 0, 52, 0, 0, 0, 0),
(635, 4, 20, 0, 0, 85, 1, 1, 0, 0),
(636, 120, 89, 0, 1, 23, 0, 0, 0, 0),
(637, 174, 23, 0, 1, 45, 0, 0, 0, 0),
(638, 38, 84, 0, 1, 22, 0, 0, 0, 0),
(639, 211, 12, 0, 0, 82, 1, 0, 0, 0),
(640, 68, 26, 0, 0, 54, 0, 0, 1, 0),
(641, 88, 32, 0, 0, 82, 1, 0, 0, 0),
(642, 168, 6, 0, 0, 49, 0, 0, 1, 0),
(643, 213, 66, 0, 1, 43, 0, 0, 0, 0),
(644, 134, 99, 0, 0, 61, 1, 0, 0, 0),
(645, 109, 14, 1, 0, 36, 0, 0, 0, 0),
(646, 180, 66, 0, 0, 20, 0, 0, 0, 0),
(647, 140, 64, 0, 0, 63, 1, 1, 0, 0),
(648, 99, 87, 0, 0, 61, 1, 0, 0, 0),
(649, 57, 39, 3, 2, 54, 0, 0, 0, 0),
(650, 137, 64, 0, 0, 49, 0, 0, 0, 0),
(651, 15, 8, 0, 0, 47, 0, 0, 0, 0),
(652, 16, 3, 0, 0, 56, 0, 0, 0, 0),
(653, 107, 92, 0, 0, 86, 1, 0, 1, 0),
(654, 125, 15, 0, 1, 84, 1, 1, 0, 0),
(655, 197, 68, 0, 1, 22, 0, 0, 0, 0),
(656, 22, 66, 1, 0, 41, 0, 0, 1, 0),
(657, 134, 56, 0, 0, 33, 0, 0, 0, 0),
(658, 111, 84, 2, 1, 81, 1, 0, 0, 0),
(659, 61, 91, 1, 0, 26, 0, 0, 0, 0),
(660, 123, 92, 0, 0, 44, 0, 0, 1, 0),
(661, 73, 55, 0, 0, 28, 0, 0, 0, 0),
(662, 20, 12, 0, 0, 60, 1, 0, 0, 0),
(663, 49, 34, 0, 0, 64, 1, 0, 0, 0),
(664, 128, 34, 0, 0, 86, 1, 0, 0, 0),
(665, 151, 20, 0, 0, 57, 0, 0, 0, 0),
(666, 154, 46, 0, 0, 42, 0, 0, 0, 0),
(667, 88, 92, 0, 2, 54, 0, 0, 0, 0),
(668, 44, 72, 1, 0, 49, 0, 0, 0, 0),
(669, 23, 37, 1, 1, 55, 0, 0, 0, 0),
(670, 57, 30, 0, 0, 24, 0, 0, 0, 0),
(671, 139, 58, 0, 0, 64, 1, 0, 0, 0),
(672, 178, 57, 1, 0, 33, 0, 0, 0, 0),
(673, 12, 99, 0, 0, 62, 1, 0, 1, 0),
(674, 212, 2, 1, 1, 82, 1, 0, 0, 0),
(675, 53, 41, 0, 1, 32, 0, 0, 0, 0),
(676, 43, 93, 1, 0, 52, 0, 0, 0, 0),
(677, 177, 9, 0, 1, 77, 1, 1, 0, 0),
(678, 84, 16, 3, 0, 43, 0, 0, 0, 0),
(679, 72, 65, 0, 1, 28, 0, 0, 0, 0),
(680, 129, 58, 1, 0, 59, 0, 0, 0, 0),
(681, 190, 5, 0, 0, 44, 0, 0, 0, 0),
(682, 8, 39, 0, 0, 37, 0, 0, 0, 0),
(683, 175, 98, 0, 2, 75, 1, 0, 0, 0),
(684, 95, 56, 2, 0, 31, 0, 0, 0, 0),
(685, 221, 15, 1, 1, 44, 0, 0, 0, 0),
(686, 107, 10, 0, 1, 76, 1, 0, 0, 0),
(687, 6, 86, 2, 0, 59, 0, 0, 0, 0),
(688, 13, 28, 0, 1, 69, 1, 0, 0, 0),
(689, 201, 98, 2, 0, 68, 1, 1, 0, 0),
(690, 214, 99, 0, 0, 73, 1, 0, 0, 0),
(691, 46, 53, 0, 0, 74, 1, 0, 1, 0),
(692, 130, 92, 1, 0, 36, 0, 0, 0, 0),
(693, 22, 50, 0, 0, 73, 1, 0, 0, 0),
(694, 83, 95, 0, 1, 89, 1, 1, 0, 0),
(695, 27, 88, 0, 0, 57, 0, 0, 0, 0),
(696, 118, 1, 1, 1, 20, 0, 0, 0, 0),
(697, 185, 85, 0, 0, 79, 1, 0, 0, 0),
(698, 62, 26, 0, 0, 59, 0, 0, 0, 0),
(699, 156, 69, 0, 0, 46, 0, 0, 0, 0),
(700, 188, 32, 0, 0, 90, 1, 1, 0, 0),
(701, 106, 82, 0, 0, 44, 0, 0, 0, 0),
(702, 177, 34, 0, 1, 37, 0, 0, 0, 0),
(703, 179, 53, 0, 0, 73, 1, 1, 0, 0),
(704, 192, 16, 0, 0, 84, 1, 0, 0, 0),
(705, 199, 75, 0, 0, 30, 0, 0, 0, 0),
(706, 25, 68, 0, 0, 69, 1, 1, 0, 0),
(707, 100, 67, 0, 0, 54, 0, 0, 0, 0),
(708, 110, 67, 0, 0, 64, 1, 0, 0, 0),
(709, 216, 3, 0, 1, 35, 0, 0, 0, 0),
(710, 150, 29, 0, 0, 90, 1, 0, 1, 0),
(711, 134, 77, 0, 0, 66, 1, 0, 0, 0),
(712, 23, 89, 1, 0, 88, 1, 1, 0, 0),
(713, 79, 53, 0, 1, 33, 0, 0, 1, 0),
(714, 138, 7, 0, 2, 64, 1, 1, 0, 0),
(715, 135, 2, 0, 0, 65, 1, 0, 0, 0),
(716, 148, 99, 0, 0, 21, 0, 0, 0, 0),
(717, 111, 100, 0, 0, 65, 1, 0, 0, 0),
(718, 122, 80, 1, 1, 46, 0, 0, 0, 0),
(719, 115, 81, 1, 1, 74, 1, 1, 0, 0),
(720, 164, 62, 2, 1, 66, 1, 1, 0, 0),
(721, 28, 30, 0, 0, 27, 0, 0, 0, 0),
(722, 186, 81, 1, 1, 25, 0, 0, 0, 0),
(723, 189, 38, 0, 0, 20, 0, 0, 1, 0),
(724, 158, 73, 0, 1, 77, 1, 0, 0, 0),
(725, 60, 88, 0, 1, 27, 0, 0, 0, 0),
(726, 191, 23, 0, 1, 82, 1, 0, 0, 0),
(727, 165, 24, 2, 0, 69, 1, 1, 0, 0),
(728, 212, 64, 0, 1, 78, 1, 0, 0, 0),
(729, 90, 83, 0, 0, 61, 1, 0, 0, 0),
(730, 4, 82, 1, 1, 27, 0, 0, 0, 0),
(731, 183, 21, 0, 0, 90, 1, 0, 1, 0),
(732, 133, 58, 0, 0, 86, 1, 1, 1, 0),
(733, 4, 39, 0, 0, 80, 1, 1, 0, 0),
(734, 170, 18, 0, 0, 89, 1, 0, 0, 0),
(735, 89, 64, 1, 0, 65, 1, 1, 0, 0),
(736, 178, 55, 0, 0, 82, 1, 1, 0, 0),
(737, 121, 19, 2, 0, 51, 0, 0, 1, 0),
(738, 109, 65, 0, 0, 89, 1, 0, 0, 0),
(739, 95, 55, 0, 0, 63, 1, 0, 0, 0),
(740, 101, 70, 1, 1, 49, 0, 0, 1, 0),
(741, 44, 75, 0, 0, 87, 1, 0, 0, 0),
(742, 112, 5, 0, 0, 78, 1, 0, 1, 0),
(743, 165, 22, 0, 2, 77, 1, 1, 0, 0),
(744, 54, 12, 0, 0, 53, 0, 0, 0, 0),
(745, 143, 37, 0, 2, 88, 1, 1, 0, 0),
(746, 20, 32, 0, 0, 32, 0, 0, 0, 0),
(747, 214, 93, 0, 1, 41, 0, 0, 0, 0),
(748, 217, 73, 1, 0, 85, 1, 1, 1, 0),
(749, 201, 26, 0, 0, 72, 1, 0, 0, 0),
(750, 69, 16, 0, 0, 78, 1, 0, 0, 0),
(751, 219, 37, 0, 1, 89, 1, 0, 0, 0),
(752, 161, 31, 0, 0, 50, 0, 0, 0, 0),
(753, 31, 34, 1, 1, 80, 1, 0, 0, 0),
(754, 47, 50, 0, 2, 38, 0, 0, 1, 0),
(755, 162, 69, 2, 0, 82, 1, 0, 0, 0),
(756, 40, 86, 1, 1, 76, 1, 1, 0, 0),
(757, 9, 32, 0, 0, 83, 1, 0, 0, 0),
(758, 121, 49, 0, 1, 59, 0, 0, 0, 0),
(759, 108, 18, 2, 2, 55, 0, 0, 0, 0),
(760, 196, 69, 0, 1, 43, 0, 0, 0, 0),
(761, 171, 9, 2, 0, 39, 0, 0, 0, 0),
(762, 166, 51, 1, 1, 25, 0, 0, 0, 0),
(763, 74, 78, 0, 2, 28, 0, 0, 0, 0),
(764, 9, 59, 0, 0, 31, 0, 0, 0, 0),
(765, 34, 16, 2, 0, 61, 1, 0, 0, 0),
(766, 160, 65, 3, 1, 60, 1, 0, 1, 0),
(767, 205, 23, 0, 1, 80, 1, 1, 0, 0),
(768, 12, 33, 0, 0, 72, 1, 1, 0, 0),
(769, 149, 42, 1, 0, 55, 0, 0, 0, 0),
(770, 183, 96, 0, 0, 73, 1, 1, 0, 0),
(771, 90, 35, 0, 0, 36, 0, 0, 0, 0),
(772, 83, 47, 3, 1, 36, 0, 0, 0, 0),
(773, 66, 19, 0, 0, 25, 0, 0, 0, 0),
(774, 68, 99, 0, 2, 31, 0, 0, 0, 0),
(775, 220, 87, 0, 0, 50, 0, 0, 0, 0),
(776, 162, 98, 2, 1, 42, 0, 0, 0, 0),
(777, 146, 24, 0, 0, 90, 1, 1, 0, 0),
(778, 131, 89, 2, 1, 63, 1, 1, 0, 0),
(779, 12, 54, 0, 1, 53, 0, 0, 0, 0),
(780, 29, 34, 0, 1, 68, 1, 1, 0, 0),
(781, 161, 38, 0, 0, 75, 1, 0, 0, 0),
(782, 102, 79, 0, 0, 48, 0, 0, 0, 0),
(783, 91, 28, 1, 0, 79, 1, 0, 0, 0),
(784, 172, 17, 0, 0, 58, 0, 0, 0, 0),
(785, 4, 30, 0, 0, 24, 0, 0, 0, 0),
(786, 21, 73, 0, 0, 66, 1, 1, 0, 0),
(787, 117, 93, 0, 0, 37, 0, 0, 0, 0),
(788, 214, 10, 0, 0, 78, 1, 0, 0, 0),
(789, 27, 81, 0, 0, 34, 0, 0, 0, 0),
(790, 35, 88, 2, 0, 81, 1, 1, 0, 0),
(791, 188, 37, 0, 0, 36, 0, 0, 0, 0),
(792, 42, 45, 1, 0, 77, 1, 0, 0, 0),
(793, 16, 65, 2, 0, 85, 1, 0, 1, 0),
(794, 86, 100, 0, 0, 76, 1, 1, 0, 0),
(795, 57, 39, 2, 2, 79, 1, 1, 0, 0),
(796, 90, 37, 1, 0, 74, 1, 1, 0, 0),
(797, 165, 77, 1, 0, 56, 0, 0, 0, 0),
(798, 170, 15, 0, 0, 43, 0, 0, 0, 0),
(799, 19, 70, 0, 1, 38, 0, 0, 0, 0),
(800, 200, 15, 0, 0, 32, 0, 0, 0, 0),
(801, 109, 24, 0, 0, 80, 1, 0, 0, 0),
(802, 45, 1, 0, 0, 32, 0, 0, 0, 0),
(803, 169, 33, 1, 0, 60, 1, 0, 0, 0),
(804, 159, 69, 0, 0, 33, 0, 0, 0, 0),
(805, 17, 74, 1, 0, 89, 1, 1, 0, 0),
(806, 158, 76, 2, 0, 48, 0, 0, 0, 0),
(807, 119, 32, 0, 1, 77, 1, 1, 0, 0),
(808, 150, 39, 0, 0, 72, 1, 0, 0, 0),
(809, 195, 91, 0, 1, 76, 1, 0, 0, 0),
(810, 184, 24, 0, 0, 29, 0, 0, 0, 0),
(811, 121, 58, 2, 0, 60, 1, 0, 0, 0),
(812, 221, 10, 0, 0, 70, 1, 0, 1, 0),
(813, 74, 13, 2, 0, 70, 1, 0, 1, 0),
(814, 114, 73, 0, 0, 48, 0, 0, 0, 0),
(815, 180, 24, 0, 0, 23, 0, 0, 0, 0),
(816, 66, 88, 0, 0, 69, 1, 0, 0, 0),
(817, 100, 98, 0, 1, 33, 0, 0, 0, 0),
(818, 188, 83, 1, 0, 69, 1, 0, 0, 0),
(819, 7, 91, 0, 2, 77, 1, 0, 0, 0),
(820, 141, 97, 1, 0, 81, 1, 0, 0, 0),
(821, 5, 16, 1, 0, 28, 0, 0, 0, 0),
(822, 22, 9, 0, 0, 48, 0, 0, 1, 0),
(823, 222, 83, 3, 0, 48, 0, 0, 0, 0),
(824, 79, 32, 0, 1, 46, 0, 0, 0, 0),
(825, 110, 82, 0, 1, 62, 1, 0, 0, 0),
(826, 51, 54, 2, 2, 84, 1, 1, 1, 0),
(827, 29, 43, 0, 1, 74, 1, 0, 0, 0),
(828, 145, 57, 0, 0, 24, 0, 0, 0, 0),
(829, 43, 86, 0, 0, 77, 1, 1, 0, 0),
(830, 19, 22, 0, 0, 69, 1, 0, 0, 0),
(831, 123, 84, 0, 2, 90, 1, 0, 0, 0),
(832, 172, 36, 0, 0, 65, 1, 1, 0, 0),
(833, 5, 22, 0, 0, 51, 0, 0, 0, 0),
(834, 216, 20, 0, 0, 84, 1, 0, 0, 0),
(835, 15, 43, 0, 0, 81, 1, 0, 0, 0),
(836, 99, 57, 0, 0, 47, 0, 0, 0, 0),
(837, 41, 70, 0, 0, 52, 0, 0, 0, 0),
(838, 209, 87, 2, 0, 33, 0, 0, 0, 0),
(839, 34, 42, 2, 0, 83, 1, 1, 0, 0),
(840, 10, 29, 0, 0, 73, 1, 0, 0, 0),
(841, 221, 59, 0, 0, 73, 1, 0, 0, 0),
(842, 80, 57, 0, 1, 64, 1, 1, 0, 0),
(843, 212, 60, 0, 0, 31, 0, 0, 0, 0),
(844, 38, 57, 1, 0, 44, 0, 0, 0, 0),
(845, 199, 43, 0, 0, 73, 1, 1, 0, 0),
(846, 117, 58, 0, 0, 74, 1, 0, 0, 0),
(847, 195, 83, 0, 0, 29, 0, 0, 0, 0),
(848, 140, 85, 0, 0, 86, 1, 1, 0, 0),
(849, 141, 8, 0, 2, 77, 1, 1, 1, 0),
(850, 60, 24, 0, 0, 36, 0, 0, 0, 0),
(851, 143, 30, 1, 1, 83, 1, 0, 1, 0),
(852, 127, 6, 0, 0, 28, 0, 0, 0, 0),
(853, 54, 20, 1, 1, 60, 1, 0, 0, 0),
(854, 163, 92, 0, 1, 60, 1, 1, 0, 0),
(855, 108, 2, 0, 0, 41, 0, 0, 1, 0),
(856, 120, 11, 0, 2, 66, 1, 1, 0, 0),
(857, 213, 49, 1, 0, 49, 0, 0, 0, 0),
(858, 46, 6, 0, 0, 38, 0, 0, 0, 0),
(859, 46, 88, 0, 0, 87, 1, 0, 0, 0),
(860, 61, 36, 0, 0, 68, 1, 0, 0, 0),
(861, 30, 71, 1, 0, 88, 1, 0, 0, 0),
(862, 12, 86, 0, 0, 34, 0, 0, 1, 0),
(863, 81, 95, 0, 2, 44, 0, 0, 0, 0),
(864, 81, 51, 0, 0, 51, 0, 0, 0, 0),
(865, 188, 77, 0, 0, 59, 0, 0, 0, 0),
(866, 74, 96, 0, 0, 21, 0, 0, 0, 0),
(867, 73, 99, 2, 0, 42, 0, 0, 0, 0),
(868, 200, 47, 0, 0, 40, 0, 0, 0, 0),
(869, 77, 33, 1, 1, 63, 1, 0, 0, 0),
(870, 91, 11, 0, 0, 41, 0, 0, 0, 0),
(871, 192, 80, 0, 2, 63, 1, 0, 0, 0),
(872, 205, 80, 0, 1, 86, 1, 0, 0, 0),
(873, 59, 52, 0, 0, 89, 1, 1, 0, 0),
(874, 128, 68, 0, 0, 50, 0, 0, 0, 0),
(875, 91, 37, 0, 0, 73, 1, 1, 0, 0),
(876, 100, 72, 0, 0, 88, 1, 1, 0, 0),
(877, 22, 78, 0, 0, 41, 0, 0, 0, 0),
(878, 156, 72, 0, 0, 80, 1, 0, 1, 0),
(879, 25, 6, 0, 2, 86, 1, 0, 0, 0),
(880, 110, 78, 0, 0, 40, 0, 0, 0, 0),
(881, 118, 68, 0, 0, 67, 1, 0, 1, 0),
(882, 85, 30, 0, 0, 53, 0, 0, 0, 0),
(883, 137, 49, 1, 2, 23, 0, 0, 0, 0),
(884, 176, 92, 1, 0, 79, 1, 0, 0, 0),
(885, 213, 47, 0, 1, 87, 1, 0, 0, 0),
(886, 197, 75, 0, 0, 24, 0, 0, 0, 0),
(887, 102, 8, 0, 0, 85, 1, 0, 0, 0),
(888, 19, 76, 0, 0, 43, 0, 0, 0, 0),
(889, 207, 95, 2, 0, 90, 1, 1, 0, 0),
(890, 189, 30, 1, 0, 28, 0, 0, 0, 0),
(891, 133, 22, 0, 0, 87, 1, 1, 1, 0),
(892, 61, 63, 0, 0, 67, 1, 0, 0, 0),
(893, 43, 43, 1, 0, 33, 0, 0, 0, 0),
(894, 65, 48, 1, 2, 84, 1, 0, 0, 0),
(895, 128, 95, 1, 1, 26, 0, 0, 0, 0),
(896, 30, 67, 0, 2, 32, 0, 0, 0, 0),
(897, 111, 76, 0, 0, 84, 1, 0, 0, 0),
(898, 15, 65, 0, 1, 45, 0, 0, 0, 0),
(899, 6, 25, 1, 0, 61, 1, 0, 0, 0),
(900, 122, 39, 0, 0, 77, 1, 1, 0, 0),
(901, 147, 100, 0, 0, 61, 1, 1, 0, 0),
(902, 196, 27, 0, 0, 56, 0, 0, 1, 0),
(903, 118, 71, 0, 0, 32, 0, 0, 0, 0),
(904, 119, 61, 0, 0, 63, 1, 0, 0, 0),
(905, 209, 93, 0, 0, 56, 0, 0, 0, 0),
(906, 70, 46, 2, 0, 70, 1, 0, 0, 0),
(907, 101, 83, 0, 0, 38, 0, 0, 0, 0),
(908, 35, 11, 0, 0, 62, 1, 1, 0, 0),
(909, 189, 40, 1, 0, 78, 1, 1, 0, 0),
(910, 26, 14, 0, 1, 85, 1, 0, 0, 0),
(911, 24, 54, 1, 1, 68, 1, 1, 0, 0),
(912, 46, 5, 0, 0, 68, 1, 1, 0, 0),
(913, 9, 48, 3, 0, 79, 1, 1, 0, 0),
(914, 4, 65, 0, 1, 23, 0, 0, 0, 0),
(915, 184, 49, 0, 0, 41, 0, 0, 0, 0),
(916, 32, 25, 0, 0, 36, 0, 0, 0, 0),
(917, 176, 93, 0, 1, 45, 0, 0, 0, 0),
(918, 191, 22, 0, 0, 72, 1, 0, 0, 0),
(919, 58, 98, 0, 0, 67, 1, 0, 0, 0),
(920, 153, 4, 0, 0, 68, 1, 0, 0, 0),
(921, 73, 72, 0, 2, 69, 1, 1, 0, 0),
(922, 198, 94, 0, 1, 89, 1, 0, 0, 0),
(923, 109, 29, 2, 0, 34, 0, 0, 0, 0),
(924, 27, 31, 0, 0, 86, 1, 0, 0, 0),
(925, 198, 75, 0, 0, 65, 1, 1, 0, 0),
(926, 216, 53, 1, 1, 35, 0, 0, 0, 0),
(927, 59, 33, 0, 0, 67, 1, 0, 0, 0),
(928, 18, 87, 2, 0, 26, 0, 0, 0, 0),
(929, 153, 95, 1, 0, 62, 1, 0, 0, 0),
(930, 64, 57, 0, 1, 65, 1, 0, 0, 0),
(931, 124, 49, 1, 2, 29, 0, 0, 0, 0),
(932, 123, 82, 0, 0, 59, 0, 0, 0, 0),
(933, 119, 31, 0, 0, 60, 1, 1, 0, 0),
(934, 144, 68, 1, 0, 30, 0, 0, 0, 0),
(935, 118, 6, 1, 2, 26, 0, 0, 0, 0),
(936, 171, 72, 0, 1, 71, 1, 0, 0, 0),
(937, 98, 73, 0, 1, 82, 1, 1, 0, 0),
(938, 53, 23, 0, 1, 88, 1, 0, 0, 0),
(939, 72, 10, 2, 1, 47, 0, 0, 0, 0),
(940, 220, 35, 0, 0, 45, 0, 0, 0, 0),
(941, 84, 52, 0, 1, 88, 1, 0, 0, 0),
(942, 17, 38, 0, 0, 34, 0, 0, 0, 0),
(943, 31, 64, 0, 1, 89, 1, 0, 0, 0),
(944, 199, 51, 1, 0, 81, 1, 1, 0, 0),
(945, 203, 43, 0, 1, 41, 0, 0, 1, 0),
(946, 106, 81, 1, 0, 87, 1, 0, 0, 0),
(947, 194, 76, 1, 0, 40, 0, 0, 0, 0),
(948, 115, 19, 0, 2, 63, 1, 0, 0, 0),
(949, 209, 27, 0, 0, 58, 0, 0, 0, 0),
(950, 22, 44, 0, 0, 70, 1, 0, 0, 0),
(951, 81, 36, 0, 1, 42, 0, 0, 0, 0),
(952, 53, 58, 2, 0, 21, 0, 0, 0, 0),
(953, 56, 79, 1, 0, 81, 1, 0, 0, 0),
(954, 30, 70, 0, 0, 41, 0, 0, 0, 0),
(955, 45, 87, 0, 0, 44, 0, 0, 0, 0),
(956, 109, 3, 0, 0, 78, 1, 0, 0, 0),
(957, 188, 33, 1, 0, 59, 0, 0, 0, 0),
(958, 178, 12, 0, 1, 85, 1, 1, 0, 0);

-- --------------------------------------------------------

--
-- Estructura de tabla para la tabla `jugadores`
--

CREATE TABLE `jugadores` (
  `id` int NOT NULL,
  `nombre` varchar(100) COLLATE utf8mb4_general_ci NOT NULL,
  `dorsal` int DEFAULT NULL,
  `posicion` varchar(50) COLLATE utf8mb4_general_ci DEFAULT NULL,
  `id_equipo` int DEFAULT NULL
) ENGINE=InnoDB DEFAULT CHARSET=utf8mb4 COLLATE=utf8mb4_general_ci;

--
-- Volcado de datos para la tabla `jugadores`
--

INSERT INTO `jugadores` (`id`, `nombre`, `dorsal`, `posicion`, `id_equipo`) VALUES
(4, 'David Alaba', 4, 'Defensa', 1),
(5, 'Ferland Mendy', 23, 'Defensa', 1),
(6, 'Aurélien Tchouaméni', 18, 'Centrocampista', 1),
(7, 'Toni Kroos', 8, 'Centrocampista', 1),
(8, 'Luka Modrić', 10, 'Centrocampista', 1),
(9, 'Federico Valverde', 15, 'Centrocampista', 1),
(10, 'Vinícius Jr.', 7, 'Delantero', 1),
(11, 'Rodrygo Goes', 11, 'Delantero', 1),
(12, 'Wojciech Szczęsny', 25, 'Portero', 2),
(13, 'Gerard Martín', 35, 'Defensa', 2),
(14, 'Pau Cubarsí', 2, 'Defensa', 2),
(15, 'Íñigo Martínez', 5, 'Defensa', 2),
(16, 'Eric García', 24, 'Defensa', 2),
(17, 'Frenkie de Jong', 21, 'Centrocampista', 2),
(18, 'Pedri', 8, 'Centrocampista', 2),
(19, 'Dani Olmo', 20, 'Centrocampista', 2),
(20, 'Lamine Yamal', 19, 'Delantero', 2),
(21, 'Raphinha', 11, 'Delantero', 2),
(22, 'Ferran Torres', 7, 'Delantero', 2),
(23, 'Jan Oblak', 13, 'Portero', 3),
(24, 'Giuliano Simeone', 27, 'Defensa', 3),
(25, 'Marcos Llorente', 14, 'Defensa', 3),
(26, 'Robin Le Normand', 24, 'Defensa', 3),
(27, 'Clément Lenglet', 15, 'Defensa', 3),
(28, 'Javi Galán', 17, 'Defensa', 3),
(29, 'Rodrigo De Paul', 5, 'Centrocampista', 3),
(30, 'Koke', 6, 'Centrocampista', 3),
(31, 'Conor Gallagher', 23, 'Centrocampista', 3),
(32, 'Samuel Lino', 12, 'Centrocampista', 3),
(33, 'Alexander Sørloth', 9, 'Delantero', 3),
(34, 'Paulo Gazzaniga', 1, 'Portero', 4),
(35, 'Arnau Martínez', 4, 'Defensa', 4),
(36, 'David López', 5, 'Defensa', 4),
(37, 'Daley Blind', 17, 'Defensa', 4),
(38, 'Miguel Gutiérrez', 3, 'Defensa', 4),
(39, 'Aleix García', 14, 'Centrocampista', 4),
(40, 'Yangel Herrera', 21, 'Centrocampista', 4),
(41, 'Iván Martín', 23, 'Centrocampista', 4),
(42, 'Sávio Moreira', 16, 'Delantero', 4),
(43, 'Viktor Tsygankov', 8, 'Delantero', 4),
(44, 'Artem Dovbyk', 9, 'Delantero', 4),
(45, 'Unai Simón', 1, 'Portero', 5),
(46, 'Óscar de Marcos', 18, 'Defensa', 5),
(47, 'Yeray Álvarez', 5, 'Defensa', 5),
(48, 'Dani Vivian', 3, 'Defensa', 5),
(49, 'Yuri Berchiche', 17, 'Defensa', 5),
(50, 'Mikel Vesga', 6, 'Centrocampista', 5),
(51, 'Oihan Sancet', 8, 'Centrocampista', 5),
(52, 'Iñigo Ruiz de Galarreta', 16, 'Centrocampista', 5),
(53, 'Nico Williams', 11, 'Delantero', 5),
(54, 'Iñaki Williams', 9, 'Delantero', 5),
(55, 'Gorka Guruzeta', 12, 'Delantero', 5),
(56, 'Álex Remiro', 1, 'Portero', 6),
(57, 'Andoni Gorosabel', 18, 'Defensa', 6),
(58, 'Robin Le Normand', 24, 'Defensa', 6),
(59, 'Igor Zubeldia', 5, 'Defensa', 6),
(60, 'Diego Rico', 15, 'Defensa', 6),
(61, 'Mikel Merino', 8, 'Centrocampista', 6),
(62, 'Martín Zubimendi', 3, 'Centrocampista', 6),
(63, 'Brais Méndez', 23, 'Centrocampista', 6),
(64, 'Takefusa Kubo', 14, 'Delantero', 6),
(65, 'Mikel Oyarzabal', 10, 'Delantero', 6),
(66, 'Umar Sadiq', 9, 'Delantero', 6),
(67, 'Claudio Bravo', 1, 'Portero', 7),
(68, 'Youssouf Sabaly', 2, 'Defensa', 7),
(69, 'Germán Pezzella', 6, 'Defensa', 7),
(70, 'Luiz Felipe', 19, 'Defensa', 7),
(71, 'Juan Miranda', 33, 'Defensa', 7),
(72, 'Guido Rodríguez', 5, 'Centrocampista', 7),
(73, 'William Carvalho', 14, 'Centrocampista', 7),
(74, 'Sergio Canales', 10, 'Centrocampista', 7),
(75, 'Nabil Fekir', 8, 'Delantero', 7),
(76, 'Borja Iglesias', 9, 'Delantero', 7),
(77, 'Ayoze Pérez', 17, 'Delantero', 7),
(78, 'Giorgi Mamardashvili', 25, 'Portero', 8),
(79, 'Thierry Correia', 12, 'Defensa', 8),
(80, 'Mouctar Diakhaby', 4, 'Defensa', 8),
(81, 'Cristhian Mosquera', 3, 'Defensa', 8),
(82, 'José Gayà', 14, 'Defensa', 8),
(83, 'Javi Guerra', 8, 'Centrocampista', 8),
(84, 'Hugo Guillamón', 6, 'Centrocampista', 8),
(85, 'André Almeida', 10, 'Centrocampista', 8),
(86, 'Fran Pérez', 23, 'Delantero', 8),
(87, 'Hugo Duro', 9, 'Delantero', 8),
(88, 'Sergi Canós', 7, 'Delantero', 8),
(89, 'Pepe Reina', 1, 'Portero', 9),
(90, 'Juan Foyth', 8, 'Defensa', 9),
(91, 'Raúl Albiol', 3, 'Defensa', 9),
(92, 'Pau Torres', 4, 'Defensa', 9),
(93, 'Alfonso Pedraza', 24, 'Defensa', 9),
(94, 'Étienne Capoue', 6, 'Centrocampista', 9),
(95, 'Dani Parejo', 5, 'Centrocampista', 9),
(96, 'Manu Trigueros', 14, 'Centrocampista', 9),
(97, 'Yeremy Pino', 21, 'Delantero', 9),
(98, 'Gerard Moreno', 7, 'Delantero', 9),
(99, 'Nicolas Jackson', 15, 'Delantero', 9),
(100, 'Sergio Herrera', 1, 'Portero', 10),
(101, 'Nacho Vidal', 2, 'Defensa', 10),
(102, 'David García', 5, 'Defensa', 10),
(103, 'Aridane Hernández', 23, 'Defensa', 10),
(104, 'Juan Cruz', 3, 'Defensa', 10),
(105, 'Lucas Torró', 6, 'Centrocampista', 10),
(106, 'Jon Moncayola', 7, 'Centrocampista', 10),
(107, 'Rubén García', 14, 'Centrocampista', 10),
(108, 'Kike Barja', 11, 'Delantero', 10),
(109, 'Chimy Ávila', 9, 'Delantero', 10),
(110, 'David Soria', 13, 'Portero', 11),
(111, 'Damián Suárez', 22, 'Defensa', 11),
(112, 'Domingos Duarte', 6, 'Defensa', 11),
(113, 'Gastón Álvarez', 15, 'Defensa', 11),
(114, 'Omar Alderete', 4, 'Defensa', 11),
(115, 'Nemanja Maksimović', 20, 'Centrocampista', 11),
(116, 'Luis Milla', 5, 'Centrocampista', 11),
(117, 'Mauro Arambarri', 8, 'Centrocampista', 11),
(118, 'Mason Greenwood', 12, 'Delantero', 11),
(119, 'Borja Mayoral', 19, 'Delantero', 11),
(120, 'Enes Ünal', 10, 'Delantero', 11),
(121, 'Iván Villar', 13, 'Portero', 12),
(122, 'Óscar Mingueza', 3, 'Defensa', 12),
(123, 'Unai Núñez', 4, 'Defensa', 12),
(124, 'Joseph Aidoo', 15, 'Defensa', 12),
(125, 'Javi Galán', 17, 'Defensa', 12),
(126, 'Fran Beltrán', 8, 'Centrocampista', 12),
(127, 'Renato Tapia', 5, 'Centrocampista', 12),
(128, 'Luca de la Torre', 14, 'Centrocampista', 12),
(129, 'Jonathan Bamba', 17, 'Delantero', 12),
(130, 'Jørgen Strand Larsen', 18, 'Delantero', 12),
(131, 'Iago Aspas', 10, 'Delantero', 12),
(132, 'Álvaro Valles', 13, 'Portero', 13),
(133, 'Álex Suárez', 4, 'Defensa', 13),
(134, 'Saúl Coco', 23, 'Defensa', 13),
(135, 'Mika Mármol', 15, 'Defensa', 13),
(136, 'Daley Sinkgraven', 18, 'Defensa', 13),
(137, 'Kirian Rodríguez', 20, 'Centrocampista', 13),
(138, 'Enzo Loiodice', 12, 'Centrocampista', 13),
(139, 'Jonathan Viera', 21, 'Centrocampista', 13),
(140, 'Pejiño', 24, 'Delantero', 13),
(141, 'Marc Cardona', 19, 'Delantero', 13),
(142, 'Sandro Ramírez', 9, 'Delantero', 13),
(143, 'Antonio Sivera', 1, 'Portero', 14),
(144, 'Andoni Gorosabel', 2, 'Defensa', 14),
(145, 'Aleksandar Sedlar', 5, 'Defensa', 14),
(146, 'Abdelkabir Abqar', 4, 'Defensa', 14),
(147, 'Rubén Duarte', 3, 'Defensa', 14),
(148, 'Antonio Blanco', 8, 'Centrocampista', 14),
(149, 'Jon Guridi', 18, 'Centrocampista', 14),
(150, 'Benavídez', 6, 'Centrocampista', 14),
(151, 'Luis Rioja', 11, 'Delantero', 14),
(152, 'Kike García', 15, 'Delantero', 14),
(153, 'Samu Omorodion', 32, 'Delantero', 14),
(154, 'Predrag Rajković', 1, 'Portero', 15),
(155, 'Pablo Maffeo', 15, 'Defensa', 15),
(156, 'Antonio Raíllo', 21, 'Defensa', 15),
(157, 'Copete', 6, 'Defensa', 15),
(158, 'Jaume Costa', 11, 'Defensa', 15),
(159, 'Iñigo Ruiz de Galarreta', 4, 'Centrocampista', 15),
(160, 'Dani Rodríguez', 14, 'Centrocampista', 15),
(161, 'Sergi Darder', 10, 'Centrocampista', 15),
(162, 'Abdón Prats', 9, 'Delantero', 15),
(163, 'Vedat Muriqi', 7, 'Delantero', 15),
(164, 'Cyle Larin', 17, 'Delantero', 15),
(165, 'Marko Dmitrović', 1, 'Portero', 16),
(166, 'Jesús Navas', 16, 'Defensa', 16),
(167, 'Sergio Ramos', 4, 'Defensa', 16),
(168, 'Loïc Badé', 22, 'Defensa', 16),
(169, 'Marcos Acuña', 19, 'Defensa', 16),
(170, 'Ivan Rakitić', 10, 'Centrocampista', 16),
(171, 'Joan Jordán', 8, 'Centrocampista', 16),
(172, 'Boubakary Soumaré', 24, 'Centrocampista', 16),
(173, 'Lucas Ocampos', 5, 'Delantero', 16),
(174, 'Youssef En-Nesyri', 15, 'Delantero', 16),
(175, 'Suso', 7, 'Delantero', 16),
(176, 'Conan Ledesma', 1, 'Portero', 17),
(177, 'Iza Carcelén', 20, 'Defensa', 17),
(178, 'Fali', 3, 'Defensa', 17),
(179, 'Luis Hernández', 4, 'Defensa', 17),
(180, 'Lucas Pires', 22, 'Defensa', 17),
(181, 'Rubén Alcaraz', 4, 'Centrocampista', 17),
(182, 'Álex Fernández', 8, 'Centrocampista', 17),
(183, 'Gonzalo Escalante', 17, 'Centrocampista', 17),
(184, 'Chris Ramos', 16, 'Delantero', 17),
(185, 'Roger Martí', 9, 'Delantero', 17),
(186, 'Darwin Machís', 11, 'Delantero', 17),
(187, 'André Ferreira', 13, 'Portero', 18),
(188, 'Ricard Sánchez', 12, 'Defensa', 18),
(189, 'Miguel Rubio', 4, 'Defensa', 18),
(190, 'Ignasi Miquel', 14, 'Defensa', 18),
(191, 'Carlos Neva', 15, 'Defensa', 18),
(192, 'Gumbau', 23, 'Centrocampista', 18),
(193, 'Melendo', 21, 'Centrocampista', 18),
(194, 'Sergio Ruiz', 20, 'Centrocampista', 18),
(195, 'Bryan Zaragoza', 26, 'Delantero', 18),
(196, 'Lucas Boyé', 7, 'Delantero', 18),
(197, 'Uzuni', 11, 'Delantero', 18),
(198, 'Luis Maximiano', 25, 'Portero', 19),
(199, 'Marc Pubill', 18, 'Defensa', 19),
(200, 'César Montes', 22, 'Defensa', 19),
(201, 'Édgar González', 3, 'Defensa', 19),
(202, 'Akieme', 15, 'Defensa', 19),
(203, 'Dion Lopy', 6, 'Centrocampista', 19),
(204, 'Robertone', 5, 'Centrocampista', 19),
(205, 'Melero', 11, 'Centrocampista', 19),
(206, 'Embarba', 10, 'Delantero', 19),
(207, 'Baptistao', 12, 'Delantero', 19),
(208, 'Luis Suárez', 9, 'Delantero', 19),
(209, 'Stole Dimitrievski', 1, 'Portero', 20),
(210, 'Balliu', 20, 'Defensa', 20),
(211, 'Lejeune', 24, 'Defensa', 20),
(212, 'Aridane', 5, 'Defensa', 20),
(213, 'Fran García', 3, 'Defensa', 20),
(214, 'Óscar Valentín', 23, 'Centrocampista', 20),
(215, 'Pathé Ciss', 21, 'Centrocampista', 20),
(216, 'Isi Palazón', 7, 'Centrocampista', 20),
(217, 'Álvaro García', 18, 'Delantero', 20),
(218, 'Raúl de Tomás', 11, 'Delantero', 20),
(219, 'Sergio Camello', 34, 'Delantero', 20),
(220, 'Thibaut Courtois', 1, 'Portero', 1),
(221, 'Daniel Carvajal', 2, 'Lateral', 1),
(222, 'Antonio Rudiger', 3, 'Defensa', 1);

-- --------------------------------------------------------

--
-- Estructura de tabla para la tabla `partidos`
--

CREATE TABLE `partidos` (
  `id` int NOT NULL,
  `fecha` date NOT NULL,
  `hora` time NOT NULL,
  `jornada` int NOT NULL,
  `id_equipo_local` int NOT NULL,
  `id_equipo_visitante` int NOT NULL,
  `goles_local` int DEFAULT NULL,
  `goles_visitante` int DEFAULT NULL,
  `jugado` tinyint(1) DEFAULT '0'
) ENGINE=InnoDB DEFAULT CHARSET=utf8mb4 COLLATE=utf8mb4_unicode_ci;

--
-- Volcado de datos para la tabla `partidos`
--

INSERT INTO `partidos` (`id`, `fecha`, `hora`, `jornada`, `id_equipo_local`, `id_equipo_visitante`, `goles_local`, `goles_visitante`, `jugado`) VALUES
(1, '2025-05-04', '20:00:00', 1, 1, 20, 0, 2, 1),
(2, '2025-05-04', '20:00:00', 1, 2, 19, 1, 0, 1),
(3, '2025-05-04', '20:00:00', 1, 3, 18, 3, 3, 1),
(4, '2025-05-04', '20:00:00', 1, 4, 17, 5, 3, 1),
(5, '2025-05-04', '20:00:00', 1, 5, 16, 1, 4, 1),
(6, '2025-05-04', '20:00:00', 1, 6, 15, 2, 5, 1),
(7, '2025-05-04', '20:00:00', 1, 7, 14, 5, 2, 1),
(8, '2025-05-04', '20:00:00', 1, 8, 13, 5, 4, 1),
(9, '2025-05-04', '20:00:00', 1, 9, 12, 5, 5, 1),
(10, '2025-05-04', '20:00:00', 1, 10, 11, 4, 1, 1),
(11, '2025-05-11', '20:00:00', 2, 1, 2, 0, 2, 1),
(12, '2025-05-11', '20:00:00', 2, 3, 20, 5, 3, 1),
(13, '2025-05-11', '20:00:00', 2, 4, 19, 2, 5, 1),
(14, '2025-05-11', '20:00:00', 2, 5, 18, 2, 1, 1),
(15, '2025-05-11', '20:00:00', 2, 6, 17, 2, 3, 1),
(16, '2025-05-11', '20:00:00', 2, 7, 16, 5, 1, 1),
(17, '2025-05-11', '20:00:00', 2, 8, 15, 4, 3, 1),
(18, '2025-05-11', '20:00:00', 2, 9, 14, 4, 5, 1),
(19, '2025-05-11', '20:00:00', 2, 10, 13, 5, 2, 1),
(20, '2025-05-11', '20:00:00', 2, 11, 12, 3, 3, 1),
(21, '2025-05-18', '20:00:00', 3, 1, 3, 0, 4, 1),
(22, '2025-05-18', '20:00:00', 3, 4, 2, 3, 3, 1),
(23, '2025-05-18', '20:00:00', 3, 5, 20, 0, 2, 1),
(24, '2025-05-18', '20:00:00', 3, 6, 19, 5, 1, 1),
(25, '2025-05-18', '20:00:00', 3, 7, 18, 2, 5, 1),
(26, '2025-05-18', '20:00:00', 3, 8, 17, 4, 5, 1),
(27, '2025-05-18', '20:00:00', 3, 9, 16, 5, 3, 1),
(28, '2025-05-18', '20:00:00', 3, 10, 15, 3, 3, 1),
(29, '2025-05-18', '20:00:00', 3, 11, 14, 5, 1, 1),
(30, '2025-05-18', '20:00:00', 3, 12, 13, 1, 2, 1),
(31, '2025-05-25', '20:00:00', 4, 1, 4, 0, 5, 1),
(32, '2025-05-25', '20:00:00', 4, 5, 3, 0, 0, 1),
(33, '2025-05-25', '20:00:00', 4, 6, 2, 5, 0, 1),
(34, '2025-05-25', '20:00:00', 4, 7, 20, 5, 4, 1),
(35, '2025-05-25', '20:00:00', 4, 8, 19, 5, 5, 1),
(36, '2025-05-25', '20:00:00', 4, 9, 18, 1, 0, 1),
(37, '2025-05-25', '20:00:00', 4, 10, 17, 1, 3, 1),
(38, '2025-05-25', '20:00:00', 4, 11, 16, 3, 1, 1),
(39, '2025-05-25', '20:00:00', 4, 12, 15, 2, 4, 1),
(40, '2025-05-25', '20:00:00', 4, 13, 14, 1, 0, 1),
(41, '2025-06-01', '20:00:00', 5, 1, 5, 3, 3, 1),
(42, '2025-06-01', '20:00:00', 5, 6, 4, 3, 3, 1),
(43, '2025-06-01', '20:00:00', 5, 7, 3, 0, 5, 1),
(44, '2025-06-01', '20:00:00', 5, 8, 2, 2, 5, 1),
(45, '2025-06-01', '20:00:00', 5, 9, 20, 0, 2, 1),
(46, '2025-06-01', '20:00:00', 5, 10, 19, 0, 2, 1),
(47, '2025-06-01', '20:00:00', 5, 11, 18, 2, 1, 1),
(48, '2025-06-01', '20:00:00', 5, 12, 17, 1, 2, 1),
(49, '2025-06-01', '20:00:00', 5, 13, 16, 5, 5, 1),
(50, '2025-06-01', '20:00:00', 5, 14, 15, 1, 0, 1),
(51, '2025-06-08', '20:00:00', 6, 1, 6, 3, 3, 1),
(52, '2025-06-08', '20:00:00', 6, 7, 5, 0, 0, 1),
(53, '2025-06-08', '20:00:00', 6, 8, 4, 1, 0, 1),
(54, '2025-06-08', '20:00:00', 6, 9, 3, 1, 2, 1),
(55, '2025-06-08', '20:00:00', 6, 10, 2, 1, 1, 1),
(56, '2025-06-08', '20:00:00', 6, 11, 20, 0, 1, 1),
(57, '2025-06-08', '20:00:00', 6, 12, 19, 5, 4, 1),
(58, '2025-06-08', '20:00:00', 6, 13, 18, 2, 2, 1),
(59, '2025-06-08', '20:00:00', 6, 14, 17, 2, 0, 1),
(60, '2025-06-08', '20:00:00', 6, 15, 16, 5, 0, 1),
(61, '2025-06-15', '20:00:00', 7, 1, 7, 5, 5, 1),
(62, '2025-06-15', '20:00:00', 7, 8, 6, 3, 3, 1),
(63, '2025-06-15', '20:00:00', 7, 9, 5, 3, 5, 1),
(64, '2025-06-15', '20:00:00', 7, 10, 4, 0, 3, 1),
(65, '2025-06-15', '20:00:00', 7, 11, 3, 4, 5, 1),
(66, '2025-06-15', '20:00:00', 7, 12, 2, 3, 2, 1),
(67, '2025-06-15', '20:00:00', 7, 13, 20, 0, 3, 1),
(68, '2025-06-15', '20:00:00', 7, 14, 19, 4, 5, 1),
(69, '2025-06-15', '20:00:00', 7, 15, 18, 1, 2, 1),
(70, '2025-06-15', '20:00:00', 7, 16, 17, 2, 4, 1),
(71, '2025-06-22', '20:00:00', 8, 1, 8, 2, 5, 1),
(72, '2025-06-22', '20:00:00', 8, 9, 7, 1, 2, 1),
(73, '2025-06-22', '20:00:00', 8, 10, 6, 1, 2, 1),
(74, '2025-06-22', '20:00:00', 8, 11, 5, 1, 2, 1),
(75, '2025-06-22', '20:00:00', 8, 12, 4, 1, 2, 1),
(76, '2025-06-22', '20:00:00', 8, 13, 3, 1, 5, 1),
(77, '2025-06-22', '20:00:00', 8, 14, 2, 0, 3, 1),
(78, '2025-06-22', '20:00:00', 8, 15, 20, 4, 5, 1),
(79, '2025-06-22', '20:00:00', 8, 16, 19, 4, 5, 1),
(80, '2025-06-22', '20:00:00', 8, 17, 18, 2, 0, 1),
(81, '2025-06-29', '20:00:00', 9, 1, 9, 5, 5, 1),
(82, '2025-06-29', '20:00:00', 9, 10, 8, 1, 4, 1),
(83, '2025-06-29', '20:00:00', 9, 11, 7, 2, 0, 1),
(84, '2025-06-29', '20:00:00', 9, 12, 6, 4, 4, 1),
(85, '2025-06-29', '20:00:00', 9, 13, 5, 1, 2, 1),
(86, '2025-06-29', '20:00:00', 9, 14, 4, 5, 4, 1),
(87, '2025-06-29', '20:00:00', 9, 15, 3, 3, 0, 1),
(88, '2025-06-29', '20:00:00', 9, 16, 2, 4, 4, 1),
(89, '2025-06-29', '20:00:00', 9, 17, 20, 5, 2, 1),
(90, '2025-06-29', '20:00:00', 9, 18, 19, 0, 2, 1),
(91, '2025-07-06', '20:00:00', 10, 1, 10, 5, 4, 1),
(92, '2025-07-06', '20:00:00', 10, 11, 9, 0, 1, 1),
(93, '2025-07-06', '20:00:00', 10, 12, 8, 5, 5, 1),
(94, '2025-07-06', '20:00:00', 10, 13, 7, 5, 5, 1),
(95, '2025-07-06', '20:00:00', 10, 14, 6, 2, 3, 1),
(96, '2025-07-06', '20:00:00', 10, 15, 5, 0, 0, 1),
(97, '2025-07-06', '20:00:00', 10, 16, 4, 0, 0, 1),
(98, '2025-07-06', '20:00:00', 10, 17, 3, 1, 3, 1),
(99, '2025-07-06', '20:00:00', 10, 18, 2, 2, 4, 1),
(100, '2025-07-06', '20:00:00', 10, 19, 20, 4, 1, 1),
(101, '2025-07-13', '20:00:00', 11, 1, 11, 2, 0, 1),
(102, '2025-07-13', '20:00:00', 11, 12, 10, 0, 5, 1),
(103, '2025-07-13', '20:00:00', 11, 13, 9, 2, 4, 1),
(104, '2025-07-13', '20:00:00', 11, 14, 8, 3, 0, 1),
(105, '2025-07-13', '20:00:00', 11, 15, 7, 3, 0, 1),
(106, '2025-07-13', '20:00:00', 11, 16, 6, 4, 0, 1),
(107, '2025-07-13', '20:00:00', 11, 17, 5, 0, 5, 1),
(108, '2025-07-13', '20:00:00', 11, 18, 4, 0, 4, 1),
(109, '2025-07-13', '20:00:00', 11, 19, 3, 3, 1, 1),
(110, '2025-07-13', '20:00:00', 11, 20, 2, 5, 3, 1),
(111, '2025-07-20', '20:00:00', 12, 1, 12, 4, 1, 1),
(112, '2025-07-20', '20:00:00', 12, 13, 11, 2, 4, 1),
(113, '2025-07-20', '20:00:00', 12, 14, 10, 4, 3, 1),
(114, '2025-07-20', '20:00:00', 12, 15, 9, 1, 2, 1),
(115, '2025-07-20', '20:00:00', 12, 16, 8, 0, 1, 1),
(116, '2025-07-20', '20:00:00', 12, 17, 7, 0, 5, 1),
(117, '2025-07-20', '20:00:00', 12, 18, 6, 5, 1, 1),
(118, '2025-07-20', '20:00:00', 12, 19, 5, 1, 0, 1),
(119, '2025-07-20', '20:00:00', 12, 20, 4, 0, 2, 1),
(120, '2025-07-20', '20:00:00', 12, 2, 3, 3, 1, 1),
(121, '2025-07-27', '20:00:00', 13, 1, 13, 2, 0, 1),
(122, '2025-07-27', '20:00:00', 13, 14, 12, 4, 4, 1),
(123, '2025-07-27', '20:00:00', 13, 15, 11, 2, 1, 1),
(124, '2025-07-27', '20:00:00', 13, 16, 10, 4, 0, 1),
(125, '2025-07-27', '20:00:00', 13, 17, 9, 2, 0, 1),
(126, '2025-07-27', '20:00:00', 13, 18, 8, 2, 0, 1),
(127, '2025-07-27', '20:00:00', 13, 19, 7, 4, 2, 1),
(128, '2025-07-27', '20:00:00', 13, 20, 6, 5, 0, 1),
(129, '2025-07-27', '20:00:00', 13, 2, 5, 3, 2, 1),
(130, '2025-07-27', '20:00:00', 13, 3, 4, 0, 2, 1),
(131, '2025-08-03', '20:00:00', 14, 1, 14, 5, 4, 1),
(132, '2025-08-03', '20:00:00', 14, 15, 13, 0, 1, 1),
(133, '2025-08-03', '20:00:00', 14, 16, 12, 2, 4, 1),
(134, '2025-08-03', '20:00:00', 14, 17, 11, 3, 0, 1),
(135, '2025-08-03', '20:00:00', 14, 18, 10, 0, 4, 1),
(136, '2025-08-03', '20:00:00', 14, 19, 9, 0, 3, 1),
(137, '2025-08-03', '20:00:00', 14, 20, 8, 4, 0, 1),
(138, '2025-08-03', '20:00:00', 14, 2, 7, 3, 0, 1),
(139, '2025-08-03', '20:00:00', 14, 3, 6, 0, 2, 1),
(140, '2025-08-03', '20:00:00', 14, 4, 5, 1, 2, 1),
(141, '2025-08-10', '20:00:00', 15, 1, 15, 3, 3, 1),
(142, '2025-08-10', '20:00:00', 15, 16, 14, 5, 3, 1),
(143, '2025-08-10', '20:00:00', 15, 17, 13, 1, 4, 1),
(144, '2025-08-10', '20:00:00', 15, 18, 12, 5, 0, 1),
(145, '2025-08-10', '20:00:00', 15, 19, 11, 4, 2, 1),
(146, '2025-08-10', '20:00:00', 15, 20, 10, 4, 1, 1),
(147, '2025-08-10', '20:00:00', 15, 2, 9, 3, 4, 1),
(148, '2025-08-10', '20:00:00', 15, 3, 8, 1, 3, 1),
(149, '2025-08-10', '20:00:00', 15, 4, 7, 1, 0, 1),
(150, '2025-08-10', '20:00:00', 15, 5, 6, 4, 2, 1),
(151, '2025-08-17', '20:00:00', 16, 1, 16, 1, 2, 1),
(152, '2025-08-17', '20:00:00', 16, 17, 15, 2, 0, 1),
(153, '2025-08-17', '20:00:00', 16, 18, 14, 1, 3, 1),
(154, '2025-08-17', '20:00:00', 16, 19, 13, 3, 1, 1),
(155, '2025-08-17', '20:00:00', 16, 20, 12, 5, 4, 1),
(156, '2025-08-17', '20:00:00', 16, 2, 11, 3, 0, 1),
(157, '2025-08-17', '20:00:00', 16, 3, 10, 2, 5, 1),
(158, '2025-08-17', '20:00:00', 16, 4, 9, 0, 1, 1),
(159, '2025-08-17', '20:00:00', 16, 5, 8, 5, 3, 1),
(160, '2025-08-17', '20:00:00', 16, 6, 7, 4, 0, 1),
(161, '2025-08-24', '20:00:00', 17, 1, 17, 4, 0, 1),
(162, '2025-08-24', '20:00:00', 17, 18, 16, 4, 0, 1),
(163, '2025-08-24', '20:00:00', 17, 19, 15, 1, 4, 1),
(164, '2025-08-24', '20:00:00', 17, 20, 14, 1, 1, 1),
(165, '2025-08-24', '20:00:00', 17, 2, 13, 4, 4, 1),
(166, '2025-08-24', '20:00:00', 17, 3, 12, 3, 2, 1),
(167, '2025-08-24', '20:00:00', 17, 4, 11, 4, 1, 1),
(168, '2025-08-24', '20:00:00', 17, 5, 10, 4, 5, 1),
(169, '2025-08-24', '20:00:00', 17, 6, 9, 2, 4, 1),
(170, '2025-08-24', '20:00:00', 17, 7, 8, 3, 5, 1),
(171, '2025-08-31', '20:00:00', 18, 1, 18, 5, 1, 1),
(172, '2025-08-31', '20:00:00', 18, 19, 17, 5, 1, 1),
(173, '2025-08-31', '20:00:00', 18, 20, 16, 5, 2, 1),
(174, '2025-08-31', '20:00:00', 18, 2, 15, 5, 5, 1),
(175, '2025-08-31', '20:00:00', 18, 3, 14, 2, 3, 1),
(176, '2025-08-31', '20:00:00', 18, 4, 13, 4, 5, 1),
(177, '2025-08-31', '20:00:00', 18, 5, 12, 1, 1, 1),
(178, '2025-08-31', '20:00:00', 18, 6, 11, 3, 5, 1),
(179, '2025-08-31', '20:00:00', 18, 7, 10, 3, 2, 1),
(180, '2025-08-31', '20:00:00', 18, 8, 9, 0, 2, 1),
(181, '2025-09-07', '20:00:00', 19, 1, 19, 2, 2, 1),
(182, '2025-09-07', '20:00:00', 19, 20, 18, 0, 3, 1),
(183, '2025-09-07', '20:00:00', 19, 2, 17, 1, 2, 1),
(184, '2025-09-07', '20:00:00', 19, 3, 16, 4, 3, 1),
(185, '2025-09-07', '20:00:00', 19, 4, 15, 2, 3, 1),
(186, '2025-09-07', '20:00:00', 19, 5, 14, 0, 3, 1),
(187, '2025-09-07', '20:00:00', 19, 6, 13, 1, 1, 1),
(188, '2025-09-07', '20:00:00', 19, 7, 12, 0, 1, 1),
(189, '2025-09-07', '20:00:00', 19, 8, 11, 5, 5, 1),
(190, '2025-09-07', '20:00:00', 19, 9, 10, 1, 0, 1),
(191, '2025-09-14', '20:00:00', 20, 20, 1, 1, 0, 1),
(192, '2025-09-14', '20:00:00', 20, 19, 2, 2, 2, 1),
(193, '2025-09-14', '20:00:00', 20, 18, 3, 2, 4, 1),
(194, '2025-09-14', '20:00:00', 20, 17, 4, 3, 4, 1),
(195, '2025-09-14', '20:00:00', 20, 16, 5, 0, 4, 1),
(196, '2025-09-14', '20:00:00', 20, 15, 6, 4, 3, 1),
(197, '2025-09-14', '20:00:00', 20, 14, 7, 4, 2, 1),
(198, '2025-09-14', '20:00:00', 20, 13, 8, 4, 5, 1),
(199, '2025-09-14', '20:00:00', 20, 12, 9, 3, 5, 1),
(200, '2025-09-14', '20:00:00', 20, 11, 10, 0, 3, 1),
(201, '2025-09-21', '20:00:00', 21, 2, 1, 1, 0, 1),
(202, '2025-09-21', '20:00:00', 21, 20, 3, 2, 3, 1),
(203, '2025-09-21', '20:00:00', 21, 19, 4, 5, 3, 1),
(204, '2025-09-21', '20:00:00', 21, 18, 5, 2, 1, 1),
(205, '2025-09-21', '20:00:00', 21, 17, 6, 2, 4, 1),
(206, '2025-09-21', '20:00:00', 21, 16, 7, 5, 2, 1),
(207, '2025-09-21', '20:00:00', 21, 15, 8, 3, 3, 1),
(208, '2025-09-21', '20:00:00', 21, 14, 9, 2, 4, 1),
(209, '2025-09-21', '20:00:00', 21, 13, 10, 1, 2, 1),
(210, '2025-09-21', '20:00:00', 21, 12, 11, 5, 1, 1),
(211, '2025-09-28', '20:00:00', 22, 3, 1, 4, 4, 1),
(212, '2025-09-28', '20:00:00', 22, 2, 4, 4, 4, 1),
(213, '2025-09-28', '20:00:00', 22, 20, 5, 3, 4, 1),
(214, '2025-09-28', '20:00:00', 22, 19, 6, 4, 4, 1),
(215, '2025-09-28', '20:00:00', 22, 18, 7, 4, 3, 1),
(216, '2025-09-28', '20:00:00', 22, 17, 8, 0, 2, 1),
(217, '2025-09-28', '20:00:00', 22, 16, 9, 0, 1, 1),
(218, '2025-09-28', '20:00:00', 22, 15, 10, 0, 5, 1),
(219, '2025-09-28', '20:00:00', 22, 14, 11, 1, 5, 1),
(220, '2025-09-28', '20:00:00', 22, 13, 12, 0, 1, 1),
(221, '2025-10-05', '20:00:00', 23, 4, 1, NULL, NULL, 0),
(222, '2025-10-05', '20:00:00', 23, 3, 5, NULL, NULL, 0),
(223, '2025-10-05', '20:00:00', 23, 2, 6, NULL, NULL, 0),
(224, '2025-10-05', '20:00:00', 23, 20, 7, NULL, NULL, 0),
(225, '2025-10-05', '20:00:00', 23, 19, 8, NULL, NULL, 0),
(226, '2025-10-05', '20:00:00', 23, 18, 9, NULL, NULL, 0),
(227, '2025-10-05', '20:00:00', 23, 17, 10, NULL, NULL, 0),
(228, '2025-10-05', '20:00:00', 23, 16, 11, NULL, NULL, 0),
(229, '2025-10-05', '20:00:00', 23, 15, 12, NULL, NULL, 0),
(230, '2025-10-05', '20:00:00', 23, 14, 13, NULL, NULL, 0),
(231, '2025-10-12', '20:00:00', 24, 5, 1, NULL, NULL, 0),
(232, '2025-10-12', '20:00:00', 24, 4, 6, NULL, NULL, 0),
(233, '2025-10-12', '20:00:00', 24, 3, 7, NULL, NULL, 0),
(234, '2025-10-12', '20:00:00', 24, 2, 8, NULL, NULL, 0),
(235, '2025-10-12', '20:00:00', 24, 20, 9, NULL, NULL, 0),
(236, '2025-10-12', '20:00:00', 24, 19, 10, NULL, NULL, 0),
(237, '2025-10-12', '20:00:00', 24, 18, 11, NULL, NULL, 0),
(238, '2025-10-12', '20:00:00', 24, 17, 12, NULL, NULL, 0),
(239, '2025-10-12', '20:00:00', 24, 16, 13, NULL, NULL, 0),
(240, '2025-10-12', '20:00:00', 24, 15, 14, NULL, NULL, 0),
(241, '2025-10-19', '20:00:00', 25, 6, 1, NULL, NULL, 0),
(242, '2025-10-19', '20:00:00', 25, 5, 7, NULL, NULL, 0),
(243, '2025-10-19', '20:00:00', 25, 4, 8, NULL, NULL, 0),
(244, '2025-10-19', '20:00:00', 25, 3, 9, NULL, NULL, 0),
(245, '2025-10-19', '20:00:00', 25, 2, 10, NULL, NULL, 0),
(246, '2025-10-19', '20:00:00', 25, 20, 11, NULL, NULL, 0),
(247, '2025-10-19', '20:00:00', 25, 19, 12, NULL, NULL, 0),
(248, '2025-10-19', '20:00:00', 25, 18, 13, NULL, NULL, 0),
(249, '2025-10-19', '20:00:00', 25, 17, 14, NULL, NULL, 0),
(250, '2025-10-19', '20:00:00', 25, 16, 15, NULL, NULL, 0),
(251, '2025-10-26', '20:00:00', 26, 7, 1, NULL, NULL, 0),
(252, '2025-10-26', '20:00:00', 26, 6, 8, NULL, NULL, 0),
(253, '2025-10-26', '20:00:00', 26, 5, 9, NULL, NULL, 0),
(254, '2025-10-26', '20:00:00', 26, 4, 10, NULL, NULL, 0),
(255, '2025-10-26', '20:00:00', 26, 3, 11, NULL, NULL, 0),
(256, '2025-10-26', '20:00:00', 26, 2, 12, NULL, NULL, 0),
(257, '2025-10-26', '20:00:00', 26, 20, 13, NULL, NULL, 0),
(258, '2025-10-26', '20:00:00', 26, 19, 14, NULL, NULL, 0),
(259, '2025-10-26', '20:00:00', 26, 18, 15, NULL, NULL, 0),
(260, '2025-10-26', '20:00:00', 26, 17, 16, NULL, NULL, 0),
(261, '2025-11-02', '20:00:00', 27, 8, 1, NULL, NULL, 0),
(262, '2025-11-02', '20:00:00', 27, 7, 9, NULL, NULL, 0),
(263, '2025-11-02', '20:00:00', 27, 6, 10, NULL, NULL, 0),
(264, '2025-11-02', '20:00:00', 27, 5, 11, NULL, NULL, 0),
(265, '2025-11-02', '20:00:00', 27, 4, 12, NULL, NULL, 0),
(266, '2025-11-02', '20:00:00', 27, 3, 13, NULL, NULL, 0),
(267, '2025-11-02', '20:00:00', 27, 2, 14, NULL, NULL, 0),
(268, '2025-11-02', '20:00:00', 27, 20, 15, NULL, NULL, 0),
(269, '2025-11-02', '20:00:00', 27, 19, 16, NULL, NULL, 0),
(270, '2025-11-02', '20:00:00', 27, 18, 17, NULL, NULL, 0),
(271, '2025-11-09', '20:00:00', 28, 9, 1, NULL, NULL, 0),
(272, '2025-11-09', '20:00:00', 28, 8, 10, NULL, NULL, 0),
(273, '2025-11-09', '20:00:00', 28, 7, 11, NULL, NULL, 0),
(274, '2025-11-09', '20:00:00', 28, 6, 12, NULL, NULL, 0),
(275, '2025-11-09', '20:00:00', 28, 5, 13, NULL, NULL, 0),
(276, '2025-11-09', '20:00:00', 28, 4, 14, NULL, NULL, 0),
(277, '2025-11-09', '20:00:00', 28, 3, 15, NULL, NULL, 0),
(278, '2025-11-09', '20:00:00', 28, 2, 16, NULL, NULL, 0),
(279, '2025-11-09', '20:00:00', 28, 20, 17, NULL, NULL, 0),
(280, '2025-11-09', '20:00:00', 28, 19, 18, NULL, NULL, 0),
(281, '2025-11-16', '20:00:00', 29, 10, 1, NULL, NULL, 0),
(282, '2025-11-16', '20:00:00', 29, 9, 11, NULL, NULL, 0),
(283, '2025-11-16', '20:00:00', 29, 8, 12, NULL, NULL, 0),
(284, '2025-11-16', '20:00:00', 29, 7, 13, NULL, NULL, 0),
(285, '2025-11-16', '20:00:00', 29, 6, 14, NULL, NULL, 0),
(286, '2025-11-16', '20:00:00', 29, 5, 15, NULL, NULL, 0),
(287, '2025-11-16', '20:00:00', 29, 4, 16, NULL, NULL, 0),
(288, '2025-11-16', '20:00:00', 29, 3, 17, NULL, NULL, 0),
(289, '2025-11-16', '20:00:00', 29, 2, 18, NULL, NULL, 0),
(290, '2025-11-16', '20:00:00', 29, 20, 19, NULL, NULL, 0),
(291, '2025-11-23', '20:00:00', 30, 11, 1, NULL, NULL, 0),
(292, '2025-11-23', '20:00:00', 30, 10, 12, NULL, NULL, 0),
(293, '2025-11-23', '20:00:00', 30, 9, 13, NULL, NULL, 0),
(294, '2025-11-23', '20:00:00', 30, 8, 14, NULL, NULL, 0),
(295, '2025-11-23', '20:00:00', 30, 7, 15, NULL, NULL, 0),
(296, '2025-11-23', '20:00:00', 30, 6, 16, NULL, NULL, 0),
(297, '2025-11-23', '20:00:00', 30, 5, 17, NULL, NULL, 0),
(298, '2025-11-23', '20:00:00', 30, 4, 18, NULL, NULL, 0),
(299, '2025-11-23', '20:00:00', 30, 3, 19, NULL, NULL, 0),
(300, '2025-11-23', '20:00:00', 30, 2, 20, NULL, NULL, 0),
(301, '2025-11-30', '20:00:00', 31, 12, 1, NULL, NULL, 0),
(302, '2025-11-30', '20:00:00', 31, 11, 13, NULL, NULL, 0),
(303, '2025-11-30', '20:00:00', 31, 10, 14, NULL, NULL, 0),
(304, '2025-11-30', '20:00:00', 31, 9, 15, NULL, NULL, 0),
(305, '2025-11-30', '20:00:00', 31, 8, 16, NULL, NULL, 0),
(306, '2025-11-30', '20:00:00', 31, 7, 17, NULL, NULL, 0),
(307, '2025-11-30', '20:00:00', 31, 6, 18, NULL, NULL, 0),
(308, '2025-11-30', '20:00:00', 31, 5, 19, NULL, NULL, 0),
(309, '2025-11-30', '20:00:00', 31, 4, 20, NULL, NULL, 0),
(310, '2025-11-30', '20:00:00', 31, 3, 2, NULL, NULL, 0),
(311, '2025-12-07', '20:00:00', 32, 13, 1, NULL, NULL, 0),
(312, '2025-12-07', '20:00:00', 32, 12, 14, NULL, NULL, 0),
(313, '2025-12-07', '20:00:00', 32, 11, 15, NULL, NULL, 0),
(314, '2025-12-07', '20:00:00', 32, 10, 16, NULL, NULL, 0),
(315, '2025-12-07', '20:00:00', 32, 9, 17, NULL, NULL, 0),
(316, '2025-12-07', '20:00:00', 32, 8, 18, NULL, NULL, 0),
(317, '2025-12-07', '20:00:00', 32, 7, 19, NULL, NULL, 0),
(318, '2025-12-07', '20:00:00', 32, 6, 20, NULL, NULL, 0),
(319, '2025-12-07', '20:00:00', 32, 5, 2, NULL, NULL, 0),
(320, '2025-12-07', '20:00:00', 32, 4, 3, NULL, NULL, 0),
(321, '2025-12-14', '20:00:00', 33, 14, 1, NULL, NULL, 0),
(322, '2025-12-14', '20:00:00', 33, 13, 15, NULL, NULL, 0),
(323, '2025-12-14', '20:00:00', 33, 12, 16, NULL, NULL, 0),
(324, '2025-12-14', '20:00:00', 33, 11, 17, NULL, NULL, 0),
(325, '2025-12-14', '20:00:00', 33, 10, 18, NULL, NULL, 0),
(326, '2025-12-14', '20:00:00', 33, 9, 19, NULL, NULL, 0),
(327, '2025-12-14', '20:00:00', 33, 8, 20, NULL, NULL, 0),
(328, '2025-12-14', '20:00:00', 33, 7, 2, NULL, NULL, 0),
(329, '2025-12-14', '20:00:00', 33, 6, 3, NULL, NULL, 0),
(330, '2025-12-14', '20:00:00', 33, 5, 4, NULL, NULL, 0),
(331, '2025-12-21', '20:00:00', 34, 15, 1, NULL, NULL, 0),
(332, '2025-12-21', '20:00:00', 34, 14, 16, NULL, NULL, 0),
(333, '2025-12-21', '20:00:00', 34, 13, 17, NULL, NULL, 0),
(334, '2025-12-21', '20:00:00', 34, 12, 18, NULL, NULL, 0),
(335, '2025-12-21', '20:00:00', 34, 11, 19, NULL, NULL, 0),
(336, '2025-12-21', '20:00:00', 34, 10, 20, NULL, NULL, 0),
(337, '2025-12-21', '20:00:00', 34, 9, 2, NULL, NULL, 0),
(338, '2025-12-21', '20:00:00', 34, 8, 3, NULL, NULL, 0),
(339, '2025-12-21', '20:00:00', 34, 7, 4, NULL, NULL, 0),
(340, '2025-12-21', '20:00:00', 34, 6, 5, NULL, NULL, 0),
(341, '2025-12-28', '20:00:00', 35, 16, 1, NULL, NULL, 0),
(342, '2025-12-28', '20:00:00', 35, 15, 17, NULL, NULL, 0),
(343, '2025-12-28', '20:00:00', 35, 14, 18, NULL, NULL, 0),
(344, '2025-12-28', '20:00:00', 35, 13, 19, NULL, NULL, 0),
(345, '2025-12-28', '20:00:00', 35, 12, 20, NULL, NULL, 0),
(346, '2025-12-28', '20:00:00', 35, 11, 2, NULL, NULL, 0),
(347, '2025-12-28', '20:00:00', 35, 10, 3, NULL, NULL, 0),
(348, '2025-12-28', '20:00:00', 35, 9, 4, NULL, NULL, 0),
(349, '2025-12-28', '20:00:00', 35, 8, 5, NULL, NULL, 0),
(350, '2025-12-28', '20:00:00', 35, 7, 6, NULL, NULL, 0),
(351, '2026-01-04', '20:00:00', 36, 17, 1, NULL, NULL, 0),
(352, '2026-01-04', '20:00:00', 36, 16, 18, NULL, NULL, 0),
(353, '2026-01-04', '20:00:00', 36, 15, 19, NULL, NULL, 0),
(354, '2026-01-04', '20:00:00', 36, 14, 20, NULL, NULL, 0),
(355, '2026-01-04', '20:00:00', 36, 13, 2, NULL, NULL, 0),
(356, '2026-01-04', '20:00:00', 36, 12, 3, NULL, NULL, 0),
(357, '2026-01-04', '20:00:00', 36, 11, 4, NULL, NULL, 0),
(358, '2026-01-04', '20:00:00', 36, 10, 5, NULL, NULL, 0),
(359, '2026-01-04', '20:00:00', 36, 9, 6, NULL, NULL, 0),
(360, '2026-01-04', '20:00:00', 36, 8, 7, NULL, NULL, 0),
(361, '2026-01-11', '20:00:00', 37, 18, 1, NULL, NULL, 0),
(362, '2026-01-11', '20:00:00', 37, 17, 19, NULL, NULL, 0),
(363, '2026-01-11', '20:00:00', 37, 16, 20, NULL, NULL, 0),
(364, '2026-01-11', '20:00:00', 37, 15, 2, NULL, NULL, 0),
(365, '2026-01-11', '20:00:00', 37, 14, 3, NULL, NULL, 0),
(366, '2026-01-11', '20:00:00', 37, 13, 4, NULL, NULL, 0),
(367, '2026-01-11', '20:00:00', 37, 12, 5, NULL, NULL, 0),
(368, '2026-01-11', '20:00:00', 37, 11, 6, NULL, NULL, 0),
(369, '2026-01-11', '20:00:00', 37, 10, 7, NULL, NULL, 0),
(370, '2026-01-11', '20:00:00', 37, 9, 8, NULL, NULL, 0),
(371, '2026-01-18', '20:00:00', 38, 19, 1, NULL, NULL, 0),
(372, '2026-01-18', '20:00:00', 38, 18, 20, NULL, NULL, 0),
(373, '2026-01-18', '20:00:00', 38, 17, 2, NULL, NULL, 0),
(374, '2026-01-18', '20:00:00', 38, 16, 3, NULL, NULL, 0),
(375, '2026-01-18', '20:00:00', 38, 15, 4, NULL, NULL, 0),
(376, '2026-01-18', '20:00:00', 38, 14, 5, NULL, NULL, 0),
(377, '2026-01-18', '20:00:00', 38, 13, 6, NULL, NULL, 0),
(378, '2026-01-18', '20:00:00', 38, 12, 7, NULL, NULL, 0),
(379, '2026-01-18', '20:00:00', 38, 11, 8, NULL, NULL, 0),
(380, '2026-01-18', '20:00:00', 38, 10, 9, NULL, NULL, 0);

-- --------------------------------------------------------

--
-- Estructura de tabla para la tabla `usuarios`
--

CREATE TABLE `usuarios` (
  `id` int NOT NULL,
  `nombre` varchar(50) COLLATE utf8mb4_general_ci NOT NULL,
  `apellido` varchar(50) COLLATE utf8mb4_general_ci NOT NULL,
  `email` varchar(100) COLLATE utf8mb4_general_ci NOT NULL,
  `telefono` varchar(20) COLLATE utf8mb4_general_ci DEFAULT NULL,
  `rol` varchar(20) COLLATE utf8mb4_general_ci DEFAULT 'usuario',
  `usuario` varchar(50) COLLATE utf8mb4_general_ci NOT NULL,
  `contrasena` varchar(255) COLLATE utf8mb4_general_ci NOT NULL,
  `creado_en` timestamp NULL DEFAULT CURRENT_TIMESTAMP,
  `foto_perfil` varchar(255) COLLATE utf8mb4_general_ci DEFAULT NULL
) ENGINE=InnoDB DEFAULT CHARSET=utf8mb4 COLLATE=utf8mb4_general_ci;

--
-- Volcado de datos para la tabla `usuarios`
--

INSERT INTO `usuarios` (`id`, `nombre`, `apellido`, `email`, `telefono`, `rol`, `usuario`, `contrasena`, `creado_en`, `foto_perfil`) VALUES
(1, 'Sergio', 'Admin', 'sergio@ejemplo.com', '123456789', 'admin', 'sergio', '$2y$10$Hb8rYNgGaBLeMgA9kAuIMu4Ddsee9EI3pYbHTLPtNBH7yEEGn2jBi', '2025-05-21 18:03:20', NULL),
(3, 'Sergio', 'Ortiz', 'usuario1@ejemplo.com', '684328302', 'usuario', 'Sergioog5', '$2y$10$Hb8rYNgGaBLeMgA9kAuIMu4Ddsee9EI3pYbHTLPtNBH7yEEGn2jBi', '2025-05-21 18:39:25', NULL),
(4, 'Miguel', 'Fernandez', 'miguifer@gmail.com', '684328301', 'usuario', 'miguifer', '$2y$10$cOjOKRUS8J..QyhlA7FHEe0neRknbXUU4/zFAd6OX.48HhNiK7F8m', '2025-05-29 20:37:54', NULL);

--
-- Índices para tablas volcadas
--

--
-- Indices de la tabla `equipos`
--
ALTER TABLE `equipos`
  ADD PRIMARY KEY (`id`);

--
-- Indices de la tabla `estadisticas_jugador_partido`
--
ALTER TABLE `estadisticas_jugador_partido`
  ADD PRIMARY KEY (`id`),
  ADD KEY `idx_jugador` (`id_jugador`),
  ADD KEY `idx_partido` (`id_partido`);

--
-- Indices de la tabla `jugadores`
--
ALTER TABLE `jugadores`
  ADD PRIMARY KEY (`id`),
  ADD KEY `id_equipo` (`id_equipo`);

--
-- Indices de la tabla `partidos`
--
ALTER TABLE `partidos`
  ADD PRIMARY KEY (`id`),
  ADD KEY `jornada` (`jornada`),
  ADD KEY `fecha` (`fecha`),
  ADD KEY `fk_partido_local` (`id_equipo_local`),
  ADD KEY `fk_partido_visitante` (`id_equipo_visitante`);

--
-- Indices de la tabla `usuarios`
--
ALTER TABLE `usuarios`
  ADD PRIMARY KEY (`id`),
  ADD UNIQUE KEY `email` (`email`),
  ADD UNIQUE KEY `usuario` (`usuario`);

--
-- AUTO_INCREMENT de las tablas volcadas
--

--
-- AUTO_INCREMENT de la tabla `equipos`
--
ALTER TABLE `equipos`
  MODIFY `id` int NOT NULL AUTO_INCREMENT, AUTO_INCREMENT=26;

--
-- AUTO_INCREMENT de la tabla `estadisticas_jugador_partido`
--
ALTER TABLE `estadisticas_jugador_partido`
  MODIFY `id` int NOT NULL AUTO_INCREMENT, AUTO_INCREMENT=959;

--
-- AUTO_INCREMENT de la tabla `jugadores`
--
ALTER TABLE `jugadores`
  MODIFY `id` int NOT NULL AUTO_INCREMENT, AUTO_INCREMENT=223;

--
-- AUTO_INCREMENT de la tabla `partidos`
--
ALTER TABLE `partidos`
  MODIFY `id` int NOT NULL AUTO_INCREMENT, AUTO_INCREMENT=381;

--
-- AUTO_INCREMENT de la tabla `usuarios`
--
ALTER TABLE `usuarios`
  MODIFY `id` int NOT NULL AUTO_INCREMENT, AUTO_INCREMENT=5;

--
-- Restricciones para tablas volcadas
--

--
-- Filtros para la tabla `estadisticas_jugador_partido`
--
ALTER TABLE `estadisticas_jugador_partido`
  ADD CONSTRAINT `fk_est_jugador` FOREIGN KEY (`id_jugador`) REFERENCES `jugadores` (`id`) ON DELETE CASCADE ON UPDATE CASCADE;

--
-- Filtros para la tabla `jugadores`
--
ALTER TABLE `jugadores`
  ADD CONSTRAINT `jugadores_ibfk_1` FOREIGN KEY (`id_equipo`) REFERENCES `equipos` (`id`) ON DELETE SET NULL;

--
-- Filtros para la tabla `partidos`
--
ALTER TABLE `partidos`
  ADD CONSTRAINT `fk_partido_local` FOREIGN KEY (`id_equipo_local`) REFERENCES `equipos` (`id`) ON DELETE CASCADE,
  ADD CONSTRAINT `fk_partido_visitante` FOREIGN KEY (`id_equipo_visitante`) REFERENCES `equipos` (`id`) ON DELETE CASCADE;
COMMIT;

/*!40101 SET CHARACTER_SET_CLIENT=@OLD_CHARACTER_SET_CLIENT */;
/*!40101 SET CHARACTER_SET_RESULTS=@OLD_CHARACTER_SET_RESULTS */;
/*!40101 SET COLLATION_CONNECTION=@OLD_COLLATION_CONNECTION */;
